Date,SPX,RTY,MXEA,MXEF,LBUSTRUU,LF98TRUU,FNERTR,SPGSCI,XAU ,NDX
31/12/1987,247.08,120.306,757.45,100,321.46,174.91,802.51,164.33,484.1,156.25
29/01/1988,257.07,125.323,770.13,109.42,332.76,180.76,846.49,166.63,458,159.13
29/02/1988,267.82,136.332,820.63,109.68,336.71,186.61,878.86,163.79,426.15,172.64
31/03/1988,258.89,142.497,870.17,120.64,333.55,184.67,883.23,171.2,456.95,173.26
29/04/1988,261.33,145.599,881.86,126.27,331.75,186.08,889.37,175.01,449,175.92
31/05/1988,262.16,141.426,852.69,129.62,329.52,186.36,876.25,177.99,455.5,173.34
30/06/1988,273.5,151.256,829.33,133.71,337.47,189.08,906.69,171.27,436.55,189.03
29/07/1988,272.02,149.651,854.47,129.92,335.7,190.32,916.38,169.45,436.8,181.16
31/08/1988,261.52,145.418,798.04,125.92,336.58,190.04,912.1,167.56,427.75,171
30/09/1988,271.91,149.031,832.02,133.74,344.2,192.43,917.24,162.18,397.7,179.37
31/10/1988,278.97,147.192,902.29,132.54,350.68,194.76,913.22,166.99,412.4,174.78
30/11/1988,273.7,142.034,955.06,131.76,346.42,195.91,894.73,174.01,422.6,169.19
30/12/1988,277.72,147.281,959.4,134.87,346.81,196.83,910.74,184.41,410.25,177.41
31/01/1989,297.47,153.703,975.35,132.66,351.8,200.3,930.92,181.64,394,186.47
28/02/1989,288.86,154.564,979.41,142.52,349.25,200.74,928.15,186.39,387,183.79
31/03/1989,294.87,158,959.23,155.99,350.76,199.17,932.46,197.62,383.2,185.87
28/04/1989,309.64,164.712,967.15,184.24,358.1,200.01,958.81,197.61,377.55,200.47
31/05/1989,320.52,171.516,913.6,186.08,367.51,203.89,967.76,188.54,361.8,214.55
30/06/1989,317.98,167.371,897.3,163.28,378.7,206.42,986.52,189.27,373,204.59
31/07/1989,346.08,173.632,1008.99,173.49,386.75,206.15,1022.98,179.55,368.3,214.28
31/08/1989,351.45,177.515,962.66,177,381.02,206.85,1032.42,183.95,359.8,222.01
29/09/1989,349.15,177.821,1005.5,198.98,382.97,203.37,1022.76,193.22,366.5,226.42
31/10/1989,340.36,167.09,964.1,201.31,392.4,198.55,996.38,189.81,375.3,222.62
30/11/1989,345.99,167.919,1011.55,191.64,396.14,198.16,993.25,192.05,408.15,224.44
29/12/1989,353.4,168.228,1047.86,214.7,397.2,198.47,991.26,207.25,401.25,223.84
31/01/1990,329.08,153.333,1007.8,221.27,392.48,194.21,950.14,198.83,415.05,201.94
28/02/1990,331.89,157.799,936.39,229.76,393.75,190.2,943.47,195.94,407.7,207.92
30/03/1990,339.94,163.69,837.74,197.85,394.04,195.19,952.88,198.61,368.5,213.15
30/04/1990,330.8,158.157,830,210.66,390.43,194.86,936.32,193.94,367.75,205.81
31/05/1990,361.23,169.061,923.6,227.6,401.99,198.62,935.6,189.81,363.05,236.15
29/06/1990,358.02,169.166,914.3,235.14,408.44,203.42,951.76,184.18,352.2,238.46
31/07/1990,356.15,161.505,925.96,255.21,414.09,208.9,943.09,196.8,372.3,223.39
31/08/1990,322.56,139.6,834.82,221.94,408.56,197.01,875.17,225.45,387.75,193.62
28/09/1990,306.05,126.993,717.24,193.09,411.94,182.63,813.28,270.19,408.4,177.06
31/10/1990,304,119.046,827.71,189.25,417.17,173.04,785.86,249.37,379.5,172.56
30/11/1990,322.22,127.806,777.6,178.96,426.15,178.44,841.63,227.61,384.85,192.66
31/12/1990,330.22,132.401,788.98,185.16,432.79,179.44,839.09,219.97,382.8,200.53
31/01/1991,343.93,144.183,813.17,200.19,438.14,184.37,930.88,194.4476,366,232.43
28/02/1991,367.07,159.96,899.06,229.63,441.88,204.54,947.73,191.2345,362.7,250.12
29/03/1991,375.22,171.01,843.88,238.23,444.92,216.59,1029.89,194.1259,355.65,264.9
30/04/1991,375.35,170.333,851.01,238.95,449.74,225.47,1055.97,195.998,357.75,263.65
31/05/1991,389.83,178.147,858.71,256.97,452.37,225.88,1067.71,192.89,360.4,279
28/06/1991,371.16,167.512,794.46,247.27,452.14,232.56,1037.91,185.4473,368.35,254.19
31/07/1991,387.81,173.121,832.3,259.51,458.41,240,1058.85,191.8876,362.85,272.15
30/08/1991,395.43,179.193,814.18,264.27,468.33,245.52,1054.57,192.6421,347.4,287.4
30/09/1991,387.86,180.328,858.85,253.84,477.82,248.94,1080.39,193.9276,354.9,287.54
31/10/1991,392.46,184.899,869.77,263.96,483.14,257.25,1068.52,198.5509,357.45,292.51
29/11/1991,375.22,176.059,827.91,259.77,487.57,258.59,1062.58,190.1044,366.3,284.79
31/12/1991,417.09,189.8,869.35,288.8,502.05,262.31,1138.61,176.9177,353.15,330.86
31/01/1992,408.79,205.013,849.52,322.13,495.22,271.55,1194.06,182.3528,354.1,338.31
28/02/1992,412.7,210.691,817.86,335.97,498.44,278.25,1165.5,181.7778,353.75,345.88
31/03/1992,403.69,203.259,762.62,346.58,495.63,281.7,1146.15,184.7368,341.7,323.05
30/04/1992,414.95,195.932,764.95,342.45,499.21,282.77,1142.08,190.1203,336.35,307.86
29/05/1992,415.35,198.225,814.85,340.42,508.63,286.76,1191.99,193.0193,337.5,315.3
30/06/1992,408.14,188.56,774.89,305.52,515.63,289.46,1176.38,190.8873,343.4,301.23
31/07/1992,424.21,194.906,753.7,308.38,526.15,293.83,1227.49,186.6917,357.85,310.9
31/08/1992,414.03,189.108,799.58,293.44,531.48,297.68,1231.27,186.3997,342,299.26
30/09/1992,417.8,193.16,782.45,294.07,537.79,300.71,1256.65,187.0465,350,313.18
30/10/1992,418.68,199.082,740.17,309.63,530.65,296.47,1255.04,182.4082,341,329.15
30/11/1992,431.35,214.011,745.94,306.06,530.77,300.2,1281.61,180.0958,336,350.96
31/12/1992,435.71,221.157,748.62,314.93,539.21,303.63,1304.73,181.0064,334.5,360.18
29/01/1993,438.78,228.456,747.35,316.19,549.55,312.46,1388.46,183.3482,332.5,370.56
26/02/1993,443.38,222.899,768.77,321.23,559.17,317.97,1463.11,186.5014,329.5,351.14
31/03/1993,451.67,229.796,834.6,331.3,561.5,322.06,1587.08,190.171,339,359.42
30/04/1993,440.19,223.273,912.59,337.12,565.41,324.87,1517.18,187.6663,356,339.94
31/05/1993,450.19,232.13,930.65,345.39,566.13,328.73,1493.13,181.2161,374.75,368.11
30/06/1993,450.53,233.988,914.94,354.82,576.39,335.63,1541.53,175.9696,378.1,366.13
30/07/1993,448.13,237.018,945.8,363.23,579.65,338.87,1568.45,174.0556,407.3,352.87
31/08/1993,463.56,246.937,995.68,393.46,589.81,341.73,1607.18,175.8414,372.1,372.65
30/09/1993,458.93,253.616,972.07,407.47,591.43,342.61,1685.64,177.357,355.4,382.72
29/10/1993,467.83,259.945,1000.85,443.78,593.64,349.55,1653.5,171.4164,369.5,390.99
30/11/1993,461.79,251.085,912.19,463.17,588.59,351.23,1563.83,165.0651,370.7,386.76
31/12/1993,466.45,259.338,976.9,539.34,591.78,355.6,1561.17,163.5542,390.7,398.28
31/01/1994,481.61,267.261,1058.31,548.88,599.77,363.32,1606.61,177.3524,381.9,413.99
28/02/1994,467.14,266.009,1054.18,538.78,589.35,362.37,1676.38,171.232,381.75,412.17
31/03/1994,445.77,251.641,1007.54,489.21,574.82,348.68,1614.31,170.3859,391,382.96
29/04/1994,450.91,252.948,1049.07,478.36,570.23,346.29,1641.72,174.5563,377.05,373.25
31/05/1994,456.5,249.761,1041.82,493.66,570.15,346.47,1678.26,176.7601,387.3,378.85
30/06/1994,444.27,240.962,1055.28,479.18,568.89,347.54,1644.03,180.0834,386.3,360.3
29/07/1994,458.26,244.671,1064.17,508.73,580.19,350.49,1635.99,182.5207,383.6,370.16
31/08/1994,475.49,257.918,1088.09,571.3,580.91,352.97,1640.88,170.2628,386.6,397.9
30/09/1994,462.69,256.69,1052.51,577.29,572.36,352.99,1610.41,171.4158,394.25,393.85
31/10/1994,472.35,255.407,1086.22,566.11,571.85,353.83,1554.55,179.036,384.5,413.05
30/11/1994,453.69,244.736,1032.7,536,570.58,349.37,1501.09,175.1664,381.4,404.82
30/12/1994,459.27,250.872,1037.86,492.58,574.52,351.94,1610.67,180.7578,383.2,404.27
31/01/1995,470.42,247.428,996.67,439.84,585.89,356.71,1575.5,176.0039,375.1,405.33
28/02/1995,487.39,257.354,992.45,428.11,599.82,368.94,1614.41,177.1083,377.1,432.5
31/03/1995,500.71,261.362,1052.89,429.8,603.5,372.91,1607.94,179.0597,391.4,447.15
28/04/1995,514.71,266.931,1091.01,448.29,611.93,382.4,1607.53,183.6347,387.1,469.56
31/05/1995,533.4,271.083,1076.54,470.95,635.61,393.12,1675.84,180.8068,384.3,488.1
30/06/1995,544.75,284.755,1056.17,471.38,640.27,395.62,1702.51,174.4889,384.6,538.03
31/07/1995,562.06,300.91,1120.42,481.28,638.84,400.62,1731.85,177.3371,382.6,568.88
31/08/1995,561.88,306.698,1076.24,469.28,646.55,401.87,1752.64,180.5308,382.75,576.77
29/09/1995,584.41,311.744,1095.8,466.41,652.84,406.81,1782.69,181.0815,384,585.08
31/10/1995,581.5,297.528,1064.88,448.11,661.33,409.32,1744.5,183.1156,383,598.78
30/11/1995,605.37,309.604,1093.06,439.69,671.24,412.93,1760.45,187.9269,387.8,593.72
29/12/1995,615.93,317.27,1135.63,458.37,680.66,419.42,1856.57,203.4971,387.1,576.23
31/01/1996,636.02,316.696,1138.87,490.52,685.18,426.8,1887.12,196.8141,406.3,591.82
29/02/1996,640.43,326.133,1141.23,481.92,673.27,427.14,1909.21,197.696,400.75,622.83
29/03/1996,645.5,332.274,1163.96,484.8,668.59,426.85,1898.79,206.664,395.45,609.69
30/04/1996,654.17,349.746,1196.3,502.46,664.83,427.79,1908.42,209.3274,391.65,666.73
31/05/1996,669.12,363.087,1172.77,498.99,663.48,430.36,1957.73,203.8712,391,692.39
28/06/1996,670.63,347.694,1177.85,501.04,672.39,433.92,1983.25,206.5216,380.45,677.3
31/07/1996,639.95,317.001,1141.88,465.87,674.23,435.94,1998.22,194.652,387.05,636.01
30/08/1996,651.99,334.912,1142.83,477.13,673.1,440.65,2076.88,198.515,386.5,663.57
30/09/1996,687.31,347.496,1171.65,480.62,684.83,451.27,2113.03,205.2159,378.4,737.58
31/10/1996,705.27,341.751,1158.11,467.43,700,454.74,2175.76,204.9208,378.05,751.99
29/11/1996,757.02,355.402,1202.61,474.71,711.99,463.71,2274.89,218.9817,371.65,834.01
31/12/1996,740.74,364.12,1185.57,476.31,705.37,467.03,2511.32,215.2563,367.7,821.36
31/01/1997,786.16,371.059,1142.58,508.42,707.53,471.59,2539.38,204.9099,344.35,921.55
28/02/1997,790.82,361.633,1159.75,529.86,709.29,479.39,2534.19,188.8185,363.45,850.46
31/03/1997,757.12,344.036,1162.4,514.61,701.43,472.25,2528.8,192.4289,351.25,797.06
30/04/1997,801.34,344.648,1167.03,513.7,711.93,477.23,2459.21,196.7678,339.5,874.74
30/05/1997,848.28,382.474,1241.39,527.01,718.66,487.44,2531.51,197.3687,344.65,958.85
30/06/1997,885.14,398.295,1308.28,554.12,727.19,494.2,2654.55,185.1689,333.95,957.3
31/07/1997,954.29,416.444,1327.92,561.32,746.8,507.77,2736.55,192.2873,324.55,1107.03
29/08/1997,899.47,425.554,1227.21,489.24,740.43,506.62,2730,195.7684,324.15,1074.17
30/09/1997,947.28,456.152,1294.42,502.05,751.35,516.66,2968.26,201.7335,334.45,1097.17
31/10/1997,914.62,435.725,1193.35,419.26,762.25,517.12,2888.03,208.1534,311.45,1019.62
28/11/1997,955.4,432.513,1179.63,403.67,765.76,522.06,2950.45,188.6889,297,1050.51
31/12/1997,970.43,439.448,1188.39,412.46,773.47,526.64,3020.11,175.623,289.05,990.8
30/01/1998,980.28,432.195,1241.2,379.8,783.4,536.12,3004.15,174.2636,302.45,1071.13
27/02/1998,1049.34,463.661,1319.25,419.23,782.81,539.26,2953.03,165.0984,299.15,1194.13
31/03/1998,1101.75,482.203,1358.27,436.02,785.5,544.32,3006.02,166.715,300.95,1220.66
30/04/1998,1111.75,484.451,1367.39,430.41,789.6,546.47,2908.1,163.8963,306.65,1248.12
29/05/1998,1090.82,457.925,1359.14,370.1,797.09,548.37,2887.73,158.2691,292.95,1192.07
30/06/1998,1133.84,458.307,1367.81,330.52,803.85,550.34,2868.18,155.1993,296.95,1337.34
31/07/1998,1120.67,420.863,1380.06,339.83,805.56,553.47,2681.98,143.6022,286.45,1377.26
31/08/1998,957.28,338.741,1207.45,240.31,818.67,522.93,2428.88,136.9596,275.55,1140.34
30/09/1998,1017.01,364.705,1168.77,254.87,837.84,525.29,2566.38,153.7656,296.95,1345.48
30/10/1998,1098.67,379.162,1288.93,281.4,833.42,514.53,2518.87,148.4851,292.55,1400.52
30/11/1998,1163.63,398.585,1353.32,304.53,838.14,535.88,2555.96,133.4806,293.2,1557.96
31/12/1998,1229.23,422.603,1405.04,298.97,840.66,536.47,2491.53,133.019,288.25,1836.01
29/01/1999,1279.64,427.936,1399.24,293.91,846.66,544.43,2439.47,135.2692,286.15,2127.19
26/02/1999,1238.33,392.797,1364.23,296.56,831.88,541.23,2382.18,130.8113,287.05,1925.28
31/03/1999,1286.37,398.297,1419.51,334.75,836.49,546.39,2371.43,153.9354,280.05,2106.39
30/04/1999,1335.18,433.601,1475.36,375.66,839.14,556.98,2596.46,160.9771,286.55,2136.39
31/05/1999,1301.84,438.68,1397.72,372.33,831.79,549.44,2653.5,152.2197,270.35,2089.7
30/06/1999,1372.71,458.705,1450.56,413.81,829.14,548.27,2610.53,163.362,262.5,2296.77
30/07/1999,1328.72,445.716,1491.97,401.94,825.61,550.47,2527.46,169.1718,255.95,2270.93
31/08/1999,1320.41,428.738,1495.71,405.3,825.19,544.39,2495.34,181.6245,255.68,2396.87
30/09/1999,1282.71,428.255,1509.06,391.07,834.77,540.47,2400.6,191.063,298.75,2407.9
29/10/1999,1362.93,429.57,1563.88,399.05,837.85,536.88,2341.56,181.3902,299.2,2637.44
30/11/1999,1388.91,454.669,1616.56,434.7,837.79,543.19,2303.47,189.6623,290.7,2966.71
31/12/1999,1469.25,505.397,1760.04,489.42,833.75,549.3,2376.42,194.5372,288,3707.83
31/01/2000,1394.46,496.954,1646.62,491.39,831.02,546.93,2384.25,206.3651,283.5,3570.05
29/02/2000,1366.42,578.471,1689.34,497.74,841.07,547.99,2355.84,216.0089,292.2,4266.94
31/03/2000,1498.58,539.733,1753.16,499.4,852.15,536.47,2433.3,206.8815,279.08,4397.84
28/04/2000,1452.43,506.902,1659.28,451.36,849.71,537.33,2596.8,203.2085,273.55,3773.18
31/05/2000,1420.6,476.832,1617.13,431.7,849.32,531.82,2622.34,223.2031,272.1,3324.08
30/06/2000,1454.6,517.609,1678.61,445.52,866.99,542.65,2689.61,235.7137,289.53,3763.79
31/07/2000,1430.83,500.559,1606.61,422.08,874.86,546.79,2924.69,213.3268,277.25,3609.35
31/08/2000,1517.68,537.892,1618.94,423.56,887.54,550.53,2805.99,244.3988,277.85,4077.59
29/09/2000,1436.51,521.475,1538.51,386.03,893.12,545.72,2895.27,237.4833,274.25,3570.61
31/10/2000,1429.4,497.734,1500.6,357.85,899.03,528.24,2769.93,236.7139,265.15,3282.3
30/11/2000,1314.95,446.007,1442.76,326.36,913.73,507.32,2805.5,256.384,270.45,2506.54
29/12/2000,1320.28,483.582,1492.41,333.79,930.68,517.12,3002.97,246.9237,272.25,2341.7
31/01/2001,1366.01,508.38,1491.3,379.02,945.9,555.86,3034.31,226.9736,265.85,2593
28/02/2001,1239.94,474.391,1378.2,349.02,954.14,563.26,2985.85,221.9866,267.15,1908.32
30/03/2001,1160.33,450.537,1282.99,313.14,958.93,550,3014.83,212.7381,257.95,1573.25
30/04/2001,1249.46,485.33,1369.47,327.71,954.95,543.15,3086.75,224.2305,264.05,1855.15
31/05/2001,1255.82,496.545,1317.21,330.54,960.71,552.93,3161.48,217.6236,265.85,1799.89
29/06/2001,1224.42,513.044,1261.49,322.89,964.34,537.42,3346.78,202.6644,270.85,1830.19
31/07/2001,1211.23,484.838,1238.01,301.67,985.9,545.33,3280.3,201.72,266.65,1683.61
31/08/2001,1133.58,468.612,1204.49,298.17,997.19,551.76,3400.25,203.0028,274.4,1469.7
28/09/2001,1040.94,404.927,1080.95,251.4,1008.81,514.68,3259.05,181.7182,293.25,1168.37
31/10/2001,1059.78,428.217,1108.34,266.86,1029.92,527.41,3165.8,175.3805,279.65,1364.78
30/11/2001,1139.45,460.817,1148.35,294.43,1015.72,546.65,3340.02,169.575,274.4,1596.05
31/12/2001,1148.08,488.522,1154.96,317.4,1009.27,544.42,3421.37,169.1572,278.95,1577.05
31/01/2002,1130.21,483.092,1093.11,327.75,1017.44,548.21,3428.08,166.0257,282.55,1550.17
28/02/2002,1106.73,469.337,1099.39,332.77,1027.3,540.56,3494.18,176.5311,296.55,1359.22
29/03/2002,1147.39,506.428,1155.6,351.43,1010.21,553.57,3703.79,201.2279,302.65,1452.81
30/04/2002,1076.92,510.65,1160.74,352.84,1029.8,562.2,3735.37,204.2329,308.45,1277.07
31/05/2002,1067.14,487.449,1171.51,346.28,1038.55,559.3,3785.94,194.2879,326.55,1208.34
28/06/2002,989.81,462.662,1123.01,319.75,1047.53,518.06,3889.42,202.7765,314.45,1051.41
31/07/2002,911.62,392.453,1011.34,294.62,1060.17,495.43,3685.98,203.4048,303.55,962.11
30/08/2002,916.07,391.01,1006.55,298.89,1078.07,509.56,3678.77,215.2304,312.75,942.38
30/09/2002,815.28,362.319,897.05,266.11,1095.53,502.87,3537.59,227.5257,323.55,832.52
31/10/2002,885.76,373.559,944.62,283.16,1090.54,498.48,3367.35,217.423,317.75,989.54
29/11/2002,936.31,406.422,986.38,302.36,1090.25,529.36,3525.92,217.5085,318.15,1116.1
31/12/2002,879.82,383.098,952.65,292.09,1112.77,536.76,3552.1,235.1541,348.05,984.36
31/01/2003,855.7,372.177,912.39,290.44,1113.72,554.63,3448.83,253.4514,368.15,983.05
28/02/2003,841.15,360.524,889.82,281.29,1129.14,561.47,3505.89,278.572,349.95,1009.74
31/03/2003,848.18,364.549,868.55,272.27,1128.26,577.62,3576.08,232.2788,337.45,1018.66
30/04/2003,916.92,398.689,950.03,295.17,1137.57,611.89,3733.31,215.6376,338.55,1106.06
30/05/2003,963.59,441.014,1003.78,315.44,1158.78,618.21,3958.77,235.2415,364.45,1197.89
30/06/2003,974.5,448.364,1025.74,332.68,1156.48,635.99,4044.88,233.2028,346.4,1201.69
31/07/2003,990.31,476.028,1049.47,352.62,1117.6,629,4261.36,233.1563,354.35,1276.94
29/08/2003,1008.01,497.433,1072.14,375.52,1125.02,636.23,4284.18,242.459,375.55,1341.2
30/09/2003,995.97,487.688,1103.39,377.63,1154.8,653.62,4429.85,232.6344,385.35,1303.7
31/10/2003,1050.71,528.233,1171.47,409.11,1144.03,666.82,4509.88,238.4895,384.25,1416.39
28/11/2003,1058.2,546.523,1195.82,413.33,1146.77,676.93,4706.49,245.8032,398.15,1424.25
31/12/2003,1111.92,556.919,1288.77,442.78,1158.44,692.26,4871.12,260.5434,415.45,1467.92
30/01/2004,1131.13,580.775,1306.43,457.19,1167.76,705.47,5081.85,260.088,402.45,1493.08
27/02/2004,1144.94,585.572,1334.96,477.73,1180.4,703.7,5170.71,278.6556,396.15,1470.38
31/03/2004,1126.21,590.322,1337.07,482.06,1189.24,708.48,5456.47,282.1227,426.45,1438.41
30/04/2004,1107.31,559.815,1302.92,441.3,1158.3,703.66,4660.84,289.5122,386.75,1401.36
31/05/2004,1120.68,568.295,1302.04,431.26,1153.66,691.74,4993.06,301.4126,395.55,1466.22
30/06/2004,1140.84,591.537,1327.97,432.2,1160.18,701.66,5139.48,286.3553,394.25,1516.64
30/07/2004,1101.72,551.299,1283.96,423.14,1171.68,711.2,5156.42,307.4776,391.05,1400.39
31/08/2004,1104.24,547.941,1286.26,439.75,1194.03,725.15,5565.66,295.5954,409.85,1368.68
30/09/2004,1114.58,572.952,1318.03,464.15,1197.27,735.68,5562.34,337.7328,418.25,1412.74
29/10/2004,1130.2,583.799,1362.19,474.27,1207.31,748.97,5860.44,355.2492,428.55,1486.72
30/11/2004,1173.82,633.789,1452.59,517.95,1197.68,758,6112.63,342.5017,450.95,1571.5
31/12/2004,1211.92,651.582,1515.48,542.17,1208.7,769.3,6409.3,310.4673,438.45,1621.12
31/01/2005,1181.27,624.032,1486.97,542.28,1216.29,768.3,5871.11,331.4828,422.6,1519.63
28/02/2005,1203.6,634.079,1548.6,588.68,1209.11,779.6,6051.17,355.8531,435.65,1511.02
31/03/2005,1180.59,615.088,1503.85,548.69,1202.9,756.93,5957.39,383.6221,428.35,1482.53
29/04/2005,1156.85,579.392,1462.87,531.99,1219.18,749.55,6274.28,353.6854,434.4,1420.79
31/05/2005,1191.5,616.724,1457.36,548.15,1232.37,762.86,6491.75,354.8881,417.25,1542.63
30/06/2005,1191.33,639.675,1473.72,565.17,1239.09,777.83,6818.11,379.7879,435.5,1493.52
29/07/2005,1234.18,679.762,1518.15,602.56,1227.82,791.43,7304.67,401.999,429.8,1605.14
31/08/2005,1220.33,666.526,1552.51,606.23,1243.56,792.94,7037.59,465.1507,435.2,1581.71
30/09/2005,1228.81,667.814,1618.84,661.32,1230.74,785.03,7079.51,469.5595,469.3,1601.66
31/10/2005,1207.01,646.621,1570.83,617.41,1221,779.55,6912.01,422.8763,465.19,1579.18
30/11/2005,1249.48,677.302,1606.14,667.99,1226.4,783.62,7203.25,415.9086,493.08,1672.56
30/12/2005,1248.29,673.235,1680.13,706.48,1238.06,790.35,7188.84,431.7214,517,1645.2
31/01/2006,1280.09,733.215,1782.57,783.77,1238.13,802.96,7714.01,453.9183,568.9,1710.75
28/02/2006,1280.66,730.656,1776.42,782.11,1242.24,808.32,7852.02,415.8627,561.55,1670.57
31/03/2006,1294.83,765.155,1827.65,787.8,1230.05,813.16,8248.59,442.519,583.65,1703.66
28/04/2006,1310.61,764.559,1910.15,841.58,1227.82,818.17,7942.04,474.7863,654.43,1700.71
31/05/2006,1270.09,721.032,1826.73,751,1226.51,818.06,7715.96,474.5546,645.2,1579.58
30/06/2006,1270.2,724.689,1822.88,747.54,1229.11,815.19,8117.39,484.6753,615.85,1575.23
31/07/2006,1276.66,700.577,1839.66,755.84,1245.73,823.17,8391.19,498.2476,636.75,1509.43
31/08/2006,1303.82,720.544,1885.49,773.12,1264.8,836.52,8708.79,465.868,627.3,1579.73
29/09/2006,1335.85,725.611,1885.26,778.16,1275.91,848.38,8869.74,428.0533,598.3,1654.13
31/10/2006,1377.94,766.863,1957.64,814.44,1284.35,859.92,9425.35,429.2243,606.6,1732.54
30/11/2006,1400.63,786.136,2012.31,874.08,1299.25,874.37,9863.5,463.6554,648,1791.25
29/12/2006,1418.3,787.682,2074.48,912.65,1291.71,883.97,9709.31,433.6465,636.7,1756.9
31/01/2007,1438.24,800.363,2087.68,901.48,1291.18,893.84,10526.96,427.2178,653.2,1792.28
28/02/2007,1406.82,793.317,2102.26,895.54,1311.09,906.34,10291.24,448.4914,669.35,1761.65
30/03/2007,1420.86,800.729,2147.51,929.03,1311.13,907.3,10045.6,468.115,663.8,1772.36
30/04/2007,1482.37,814.589,2235.4,969.93,1318.2,919.09,10043.61,474.4641,678.45,1867.75
31/05/2007,1530.62,847.164,2263.21,1014.79,1308.21,925.96,10048.86,470.648,660.5,1928.19
29/06/2007,1503.35,833.719,2262.24,1059.69,1304.34,909.33,9137.56,489.152,649.65,1934.1
31/07/2007,1455.28,776.145,2227.5,1112.77,1315.22,877.13,8424.63,515.941,664.3,1932.06
31/08/2007,1473.99,792.861,2187.29,1086.98,1331.34,889.09,8978.24,495.304,673.3,1988.73
28/09/2007,1526.75,805.45,2300.38,1204.9,1341.44,912.36,9373.8,546.133,743.6,2091.11
31/10/2007,1549.38,828.019,2388.74,1337.45,1353.49,917.83,9478.84,599.31,796.8,2238.98
30/11/2007,1481.14,767.768,2306.29,1242.06,1377.83,897.92,8619.15,577.987,783.55,2089.1
31/12/2007,1468.36,766.037,2253.36,1245.59,1381.7,900.54,8185.75,610.169,833.7,2084.93
31/01/2008,1378.55,713.298,2044.11,1088.72,1404.91,888.52,8101.79,608.378,926.1,1841.42
29/02/2008,1330.63,686.18,2070.06,1167.66,1406.86,876.4,7813.51,679.778,973.9,1745.27
31/03/2008,1322.7,687.967,2038.62,1104.58,1411.66,873.38,8300.4,668.913,916.9,1781.93
30/04/2008,1385.59,716.176,2139.53,1191.53,1408.71,911.02,8786.74,721.067,877.55,1917.7
30/05/2008,1400.38,748.282,2145.47,1210.04,1398.38,914.31,8854.47,786.583,886.5,2032.57
30/06/2008,1280,689.659,1967.19,1087.12,1397.26,888.75,7891.5,862.809,925.4,1837.09
31/07/2008,1267.38,714.524,1902.74,1041.86,1396.11,876.91,8165.42,760.199,914.1,1849.15
29/08/2008,1282.83,739.497,1821.06,956.25,1409.36,879.98,8345.81,708.156,831.15,1872.54
30/09/2008,1166.36,679.583,1553.15,786.92,1390.43,809.78,8329.68,622.237,870.95,1594.63
31/10/2008,968.75,537.521,1238.81,570.52,1357.61,680.97,5691.82,449.461,723.85,1334.78
28/11/2008,896.24,473.138,1168.23,526.97,1401.8,617.55,4379.55,390.646,818.05,1185.75
31/12/2008,903.25,499.453,1237.42,567.04,1454.1,665,5097.46,349.038,882.05,1211.65
30/01/2009,825.88,443.526,1115.14,529.53,1441.27,704.86,4215.2,336.205,927.85,1180.25
27/02/2009,735.09,389.016,997.65,499.3,1435.83,682.99,3337.41,336.24,942.32,1116.99
31/03/2009,797.87,422.748,1056.23,569.97,1455.79,704.77,3472.97,358.526,919.35,1237.01
30/04/2009,872.81,487.561,1185.84,662.73,1462.75,790.08,4550.27,365.848,888.2,1394.33
29/05/2009,919.14,501.629,1317.31,773.12,1473.36,843.24,4648.41,443.053,979.18,1435.57
30/06/2009,919.32,508.282,1307.16,761.3,1481.74,867.39,4474.92,450.217,926.5,1477.25
31/07/2009,987.48,556.712,1425.4,844.02,1505.64,920.18,4943.57,457.407,954,1603.36
31/08/2009,1020.63,572.071,1498.97,839.46,1521.23,937.34,5605.49,453.787,951.19,1625.19
30/09/2009,1057.08,604.278,1552.84,914.05,1537.21,990.72,5963.97,462.748,1007.7,1718.99
30/10/2009,1036.2,562.771,1532.74,914.26,1544.8,1008.5,5695.33,496.808,1045.45,1667.13
30/11/2009,1095.63,579.731,1559.57,953.13,1564.8,1018.66,6088.91,512.574,1179.63,1767.43
31/12/2009,1115.1,625.389,1580.77,989.47,1540.34,1052.08,6524.25,524.621,1096.98,1860.31
29/01/2010,1073.87,602.035,1510.61,933.59,1563.87,1065.39,6184.3,486.145,1081.2,1741.04
26/02/2010,1104.49,628.559,1497.34,935.93,1569.71,1067.25,6514.45,517.484,1117.59,1818.68
31/03/2010,1169.43,678.643,1584.28,1010.33,1567.78,1100.71,7177.91,530.159,1113.25,1958.34
30/04/2010,1186.69,716.599,1551.03,1020.03,1584.1,1126.51,7676.2,549.941,1179.03,2000.63
31/05/2010,1089.41,661.614,1363.93,926.4,1597.43,1086.03,7250.53,488.193,1216.3,1852.39
30/06/2010,1030.71,609.486,1348.11,917.99,1622.48,1099.55,6886.77,495.177,1242.38,1739.14
30/07/2010,1101.6,650.89,1474.91,991.41,1639.8,1138.65,7542.56,524.809,1181,1864
31/08/2010,1049.33,602.057,1425.72,970.05,1660.89,1139.06,7437.87,499.162,1247.4,1767.43
30/09/2010,1141.2,676.139,1561.01,1075.53,1662.66,1173.38,7770.14,546.064,1308.54,1998.04
29/10/2010,1183.26,703.354,1616.41,1105.75,1668.58,1203.68,8135.44,564.16,1359.4,2124.45
30/11/2010,1180.55,727.007,1535.13,1075.85,1658.99,1189.62,7976.14,575.84,1386.23,2117.33
31/12/2010,1257.64,783.647,1658.3,1151.38,1641.1,1211.19,8347.58,631.83,1421.4,2217.86
31/01/2011,1286.12,781.251,1696.38,1119.08,1643.01,1237.91,8691.91,655.26,1332.68,2281.91
28/02/2011,1327.22,823.448,1749.01,1107.77,1647.12,1254.13,9090.25,690.85,1411.33,2350.99
31/03/2011,1325.83,843.549,1702.55,1170.87,1648.03,1258.19,8973.82,725.62,1432.2,2338.99
29/04/2011,1363.61,865.291,1797.52,1204.03,1668.95,1277.69,9432.7,758.79,1563.7,2404.08
31/05/2011,1345.2,848.301,1732.84,1167.97,1690.73,1283.92,9526.95,707.26,1535.73,2372.54
30/06/2011,1320.64,827.429,1708.08,1146.22,1685.78,1271.42,9234.38,668.85,1500.18,2325.07
29/07/2011,1292.28,797.028,1679.84,1137.73,1712.53,1286.16,9331.56,686.08,1627.05,2362.81
31/08/2011,1218.89,726.805,1523.58,1033.15,1737.55,1234.68,8809.33,674.69,1825.55,2241.01
30/09/2011,1131.42,644.156,1373.33,880.43,1750.19,1194.32,7842.65,591,1623.79,2139.18
31/10/2011,1253.3,741.064,1505,995,1752.07,1265.89,8962.35,647.96,1714.7,2360.08
30/11/2011,1246.96,737.417,1427.27,928.32,1750.55,1238.6,8625.48,658.02,1746.35,2295.2
30/12/2011,1257.61,740.916,1412.55,916.39,1769.79,1271.5,9039.07,644.91,1564.91,2277.83
31/01/2012,1312.41,792.82,1486.74,1019.39,1785.33,1310.11,9613.8,660.68,1737.76,2467.95
29/02/2012,1365.68,810.936,1567.67,1079.44,1784.92,1341.22,9526.22,703.5,1696.76,2623.1
30/03/2012,1408.47,830.301,1553.46,1041.45,1775.14,1339.35,9987.37,688.71,1668.15,2755.27
30/04/2012,1397.91,816.876,1516.21,1026.02,1794.82,1353.37,10254.33,684.88,1664.75,2723.68
31/05/2012,1310.33,761.822,1332.89,906.3,1811.06,1335.7,9802.04,596.2,1560.51,2524.87
29/06/2012,1362.16,798.487,1423.38,937.35,1811.77,1363.9,10386.82,599.44,1597.45,2615.72
31/07/2012,1379.32,786.943,1438.57,952.49,1836.76,1389.85,10612.21,635.82,1614.58,2642.53
31/08/2012,1406.58,812.087,1472.51,947.33,1837.96,1406.12,10624.91,675.03,1691.85,2772.24
28/09/2012,1440.67,837.45,1510.76,1002.66,1840.49,1425.69,10493.88,665.73,1772.25,2799.19
31/10/2012,1412.16,818.733,1522.23,995.33,1844.11,1438.21,10467.52,637.74,1720.65,2647.92
30/11/2012,1416.18,821.919,1555.73,1007.02,1847.02,1449.72,10439.07,650.05,1714.98,2677.88
31/12/2012,1426.19,849.35,1604,1055.2,1844.39,1472.56,10819.84,646.58,1675.35,2660.93
31/01/2013,1498.11,902.087,1687.33,1069.01,1831.49,1492.3,11215.56,675.37,1663.7,2731.53
28/02/2013,1514.68,911.106,1667.8,1054.62,1840.67,1499.88,11354.74,648.21,1579.61,2738.58
29/03/2013,1569.19,951.542,1674.3,1034.9,1842.14,1515.15,11696.24,655.05,1597.5,2818.69
30/04/2013,1597.57,947.461,1753.61,1039.45,1860.78,1542.56,12436.69,624.44,1476.71,2887.44
31/05/2013,1630.74,984.142,1702.25,1008.88,1827.58,1533.62,11702.91,615.46,1387.8,2981.76
28/06/2013,1606.28,977.475,1638.94,940.33,1799.31,1493.4,11446.85,611.3,1234.53,2909.6
31/07/2013,1685.73,1045.263,1724.75,947.55,1801.77,1521.71,11541.72,638.64,1325.07,3090.19
30/08/2013,1632.97,1010.895,1697.34,929.54,1792.56,1512.46,10777.4,657.05,1395.27,3073.81
30/09/2013,1681.55,1073.786,1818.23,987.46,1809.53,1527.48,11147.52,632.4,1329.03,3218.2
31/10/2013,1756.54,1100.155,1878.39,1034.42,1824.16,1565.75,11630.75,622.52,1323.06,3377.73
29/11/2013,1805.81,1142.891,1888.91,1018.28,1817.33,1573.7,11064.85,620.12,1253.35,3487.82
31/12/2013,1848.36,1163.637,1915.6,1002.69,1807.06,1582.19,11128.83,632.29,1201.64,3592
31/01/2014,1782.59,1130.882,1837.64,936.53,1833.76,1593.29,11497.42,622.26,1244.55,3521.92
28/02/2014,1859.45,1183.029,1935.88,966.42,1843.51,1625.52,12033.97,649.6444,1326.39,3696.1
31/03/2014,1872.34,1173.038,1915.69,994.65,1840.37,1629.36,12076.48,648.857,1284.01,3595.74
30/04/2014,1883.95,1126.857,1936.67,995.28,1855.9,1639.68,12438.1,652.5111,1291.6,3582.02
30/05/2014,1923.57,1134.5,1956.61,1027.69,1877.03,1654.77,12800.55,649.6324,1249.68,3736.82
30/06/2014,1960.23,1192.964,1972.12,1050.78,1878,1668.59,12937.07,658.5723,1327.33,3849.48
31/07/2014,1930.67,1120.068,1932.66,1065.77,1873.29,1646.34,12941.18,621.7026,1282.59,3892.5
29/08/2014,2003.37,1174.352,1924.62,1087.88,1893.97,1672.43,13365,610.9172,1287.32,4082.56
30/09/2014,1972.29,1101.676,1846.08,1005.33,1881.11,1637.42,12615.85,574.2939,1208.15,4049.45
31/10/2014,2018.05,1173.51,1818.35,1016.07,1899.6,1656.89,13749.9,539.5923,1172.94,4158.21
28/11/2014,2067.56,1173.229,1839.73,1004.72,1913.08,1644.82,14071.2,482.1124,1167.38,4337.79
31/12/2014,2058.9,1204.696,1774.89,956.31,1914.87,1621.01,14247.97,418.1225,1184.37,4236.28
30/01/2015,1994.99,1165.392,1782.7,961.61,1955.02,1631.71,15126.47,389.6819,1283.79,4148.43
27/02/2015,2104.5,1233.368,1886.26,990.28,1936.64,1671.04,14666.73,421.2419,1213.18,4440.67
31/03/2015,2067.89,1252.772,1849.34,974.57,1945.63,1661.89,14815.12,396.6492,1183.57,4333.69
30/04/2015,2085.51,1220.125,1918.4,1047.78,1938.65,1681.95,14081.98,445.5848,1184.37,4414.25
29/05/2015,2107.39,1246.532,1898.98,1004.22,1933.98,1687.05,14050.82,439.0937,1190.58,4508.25
30/06/2015,2063.11,1253.947,1842.46,972.25,1912.89,1661.94,13472.42,440.6926,1172.35,4396.76
31/07/2015,2103.84,1238.68,1879.75,901.68,1926.19,1652.26,14144.31,378.3843,1095.8,4588.91
31/08/2015,1972.18,1159.455,1736.81,818.73,1923.42,1623.48,13321.15,380.848,1134.93,4274.58
30/09/2015,1920.03,1100.688,1644.4,792.05,1936.43,1581.23,13605.29,359.3369,1115.09,4181.06
30/10/2015,2079.36,1161.863,1771.66,847.84,1936.76,1624.7,14485.7,363.4441,1142.11,4648.83
30/11/2015,2080.41,1198.111,1741.01,814.3,1931.64,1588.59,14461,336.1496,1064.77,4664.51
31/12/2015,2043.94,1135.889,1716.28,794.14,1925.4,1548.58,14650.51,311.6524,1061.1,4593.27
29/01/2016,1940.24,1035.381,1591.46,742.37,1951.89,1523.69,14134.87,300.6679,1118.21,4279.17
29/02/2016,1932.23,1033.901,1558.17,740.33,1965.74,1532.4,14074.39,303.6298,1238.67,4201.12
31/03/2016,2059.74,1114.028,1652.04,836.8,1983.77,1600.51,15505.92,323.4185,1232.75,4483.66
29/04/2016,2065.3,1130.845,1693.18,840.19,1991.39,1663.17,15224.7,360.407,1293.53,4341.3
31/05/2016,2096.96,1154.792,1667.84,807.45,1991.9,1673.44,15576.94,370.9456,1215.32,4523.89
30/06/2016,2098.86,1151.923,1608.45,834.1,2027.69,1688.84,16654.7,374.0323,1321.9,4417.7
29/07/2016,2173.6,1219.942,1689.12,873.47,2040.51,1734.5,17302.42,339.3952,1351.28,4730.23
31/08/2016,2170.95,1239.907,1685.57,893.68,2038.18,1770.79,16701.17,348.2078,1308.97,4771.06
30/09/2016,2168.27,1251.646,1701.69,903.46,2036.98,1782.59,16453.83,364.4711,1315.87,4875.7
31/10/2016,2126.15,1191.388,1665.72,905.09,2021.4,1789.47,15613.01,361.623,1277.21,4801.27
30/11/2016,2198.81,1322.339,1629.67,862.83,1973.59,1780.98,15234.82,377.2212,1173.2,4810.81
30/12/2016,2238.83,1357.13,1684,862.27,1976.37,1813.85,15914.73,398.2039,1147.5,4863.62
31/01/2017,2278.87,1361.824,1732.38,909.23,1980.25,1840.19,15941.14,395.8302,1210.72,5116.77
28/02/2017,2363.64,1386.684,1753.09,936.37,1993.56,1866.97,16581.04,402.2199,1248.44,5330.31
31/03/2017,2362.72,1385.92,1792.98,958.37,1992.51,1862.81,16320.1,388.2245,1249.2,5436.23
28/04/2017,2384.2,1400.428,1833.7,977.96,2007.89,1884.32,16390.8,382.7658,1268.28,5583.53
31/05/2017,2411.8,1370.208,1890.06,1005.33,2023.34,1900.7,16369.93,377.8538,1268.92,5788.8
30/06/2017,2423.41,1415.359,1883.19,1010.8,2021.31,1903.27,16691.26,372.3775,1241.61,5646.92
31/07/2017,2470.3,1425.144,1936.91,1066.23,2030.01,1924.35,16902.42,388.0653,1269.44,5880.33
31/08/2017,2471.65,1405.277,1930.82,1087.7,2048.21,1923.6,17010.94,386.0041,1321.43,5988.6
29/09/2017,2519.36,1490.861,1973.81,1081.72,2038.46,1940.87,16876,399.3082,1279.75,5979.3
31/10/2017,2575.26,1502.773,2002.54,1119.08,2039.64,1949.07,16897.51,415.1419,1271.45,6248.56
30/11/2017,2647.58,1544.141,2020.13,1120.79,2037.02,1944.09,17346.02,424.2574,1275.01,6365.56
29/12/2017,2673.61,1535.511,2050.79,1158.45,2046.37,1949.97,17295.16,442.4357,1302.8,6396.42
31/01/2018,2823.81,1574.982,2153.05,1254.59,2022.8,1961.66,16785.79,456.533,1345.14,6949.99
28/02/2018,2713.83,1512.446,2051.73,1195.19,2003.63,1944.99,15565.26,443.3807,1318.31,6854.42
30/03/2018,2640.87,1529.427,2005.67,1170.88,2016.48,1933.24,16142.71,452.9353,1325.48,6581.13
30/04/2018,2648.05,1541.884,2043.66,1164.43,2001.48,1945.82,16226.79,475.7616,1315.39,6605.57
31/05/2018,2705.27,1633.609,1986.17,1120.71,2015.76,1945.28,16811.27,481.4273,1298.51,6967.73
29/06/2018,2718.37,1643.069,1958.64,1069.52,2013.28,1953.09,17514.65,487.4372,1252.6,7040.8
31/07/2018,2816.29,1670.805,2006.06,1087.46,2013.76,1974.4,17621.03,464.8324,1224.15,7231.98
31/08/2018,2901.52,1740.753,1962.05,1055.96,2026.72,1988.97,18110.35,468.6881,1201.15,7654.55
28/09/2018,2913.98,1696.571,1973.6,1047.91,2013.67,2000.04,17667.15,486.2794,1190.88,7627.65
31/10/2018,2711.74,1511.413,1815.17,955.92,1997.76,1968.07,17199.79,456.3168,1214.76,6967.1
30/11/2018,2760.17,1533.266,1809.56,994.72,2009.68,1951.14,18017.18,406.5197,1220.52,6949.01
31/12/2018,2506.85,1348.559,1719.88,965.78,2046.6,1909.36,16595.65,374.3282,1282.49,6329.96
31/01/2019,2704.1,1499.419,1831.09,1049.93,2068.34,1995.67,18517.39,407.8907,1321.25,6906.84
28/02/2019,2784.49,1575.549,1873.72,1050.95,2067.14,2028.86,18617.67,426.3466,1313.32,7097.53
29/03/2019,2834.4,1539.739,1875.43,1058.13,2106.83,2047.94,19445.86,434.1253,1292.38,7378.77
30/04/2019,2945.83,1591.211,1921.49,1079.24,2107.37,2077.06,19400.8,446.4518,1283.53,7781.46
31/05/2019,2752.06,1465.487,1817.39,998,2144.78,2052.37,19525.76,407.7638,1305.58,7127.96
28/06/2019,2941.76,1566.572,1922.3,1054.86,2171.71,2099.15,19793.88,425.3581,1409.55,7671.08
31/07/2019,2980.38,1574.605,1897.12,1037.01,2176.49,2110.98,20098.76,422.4391,1413.78,7848.78
30/08/2019,2926.46,1494.839,1842.58,984.33,2232.89,2119.43,20931.02,397.0581,1520.38,7691
30/09/2019,2976.74,1523.373,1889.36,1001,2221,2127.15,21323.97,403.6126,1472.49,7749.45
31/10/2019,3037.56,1562.452,1955.48,1041.98,2227.69,2133.02,21554.83,407.5104,1512.99,8083.83
29/11/2019,3140.98,1624.503,1974.47,1040.05,2226.55,2139.99,21222.26,409.1913,1463.98,8403.69
31/12/2019,3230.78,1668.469,2036.94,1114.66,2225,2182.77,21352.44,436.2189,1517.27,8733.07
31/01/2020,3225.52,1614.061,1993.72,1062.34,2267.82,2183.35,21622.6,388.8018,1589.16,8991.51
28/02/2020,2954.22,1476.431,1809.71,1005.52,2308.64,2152.56,20103.47,358.4439,1585.69,8461.83
31/03/2020,2584.59,1153.103,1559.59,848.58,2295.05,1905.89,16347.2,255.5416,1577.18,7813.5
30/04/2020,2912.43,1310.664,1657.69,924.94,2335.85,1991.76,17790.6,257.0446,1686.5,9000.51
29/05/2020,3044.31,1394.035,1725.09,930.35,2346.72,2079.5,18094.9,307.0756,1730.27,9555.52
30/06/2020,3100.29,1441.365,1780.58,995.1,2361.51,2099.86,18512.81,325.483,1780.96,10156.85
31/07/2020,3271.12,1480.427,1820.21,1078.92,2396.78,2198.3,19219.32,339.821,1975.86,10905.88
31/08/2020,3500.31,1561.876,1909.99,1101.5,2377.43,2219.2,19245.57,358.2109,1967.8,12110.7
30/09/2020,3363,1507.692,1855.32,1082,2376.13,2196.37,18733.04,350.178,1885.82,11418.06
30/10/2020,3269.96,1538.479,1780.08,1103.46,2365.52,2207.52,18104.61,340.7799,1878.81,11052.95
30/11/2020,3621.63,1819.816,2053.83,1205.07,2388.73,2294.85,19774.43,385.594,1776.95,12268.32
31/12/2020,3756.07,1974.855,2147.53,1291.26,2392.02,2338.05,20258.86,409.458,1898.36,12888.28
29/01/2021,3714.24,2073.641,2124.05,1329.57,2374.87,2345.78,20244.45,430.9947,1847.65,12925.38
26/02/2021,3811.15,2201.051,2168.87,1339.26,2340.58,2354.4,20795.58,476.9869,1734.04,12909.44
31/03/2021,3972.89,2220.519,2208.32,1316.43,2311.35,2357.92,21944.84,467.414,1707.71,13091.44
30/04/2021,4181.17,2266.449,2268.51,1347.61,2329.61,2383.53,23726.14,505.8542,1769.13,13860.76
31/05/2021,4204.11,2268.972,2334,1376.21,2337.22,2390.58,23921.42,519.2278,1906.87,13686.51
30/06/2021,4297.5,2310.549,2304.92,1374.64,2353.64,2422.6,24584.1,535.9755,1770.11,14554.8
30/07/2021,4395.26,2226.246,2321.09,1277.8,2379.96,2431.83,25657.05,541.129,1814.19,14959.9
31/08/2021,4522.68,2273.774,2356.42,1308.67,2375.43,2444.32,26191.56,527.3677,1813.62,15582.51
30/09/2021,4307.54,2204.372,2281.29,1253.1,2354.86,2444.06,24640.59,557.7057,1756.95,14689.62
29/10/2021,4605.38,2297.191,2335.53,1264.75,2354.21,2439.87,26384.62,588.2094,1783.38,15850.47
30/11/2021,4567,2198.908,2223.7,1212.42,2361.18,2416.14,26117.18,522.4443,1774.52,16135.92
31/12/2021,4766.18,2245.313,2336.07,1232.01,2355.14,2461.43,28625.44,561.1805,1829.2,16320.08
31/01/2022,4515.55,2028.453,2222.45,1208.23,2304.4,2394.13,26354.72,623.7843,1797.17,14930.05
28/02/2022,4373.94,2048.089,2179.1,1171.31,2278.69,2369.55,25328.68,673.0487,1908.99,14237.81
31/03/2022,4530.41,2070.125,2181.63,1141.79,2215.38,2342.38,27119.13,724.1862,1937.44,14838.49
29/04/2022,4131.93,1864.103,2033.7,1076.19,2131.31,2259.09,26127.91,756.7522,1896.93,12854.8
31/05/2022,4132.15,1864.043,2037.87,1077.67,2145.05,2264.63,24904.74,786.4548,1837.35,12642.1
30/06/2022,3785.38,1707.99,1846.28,1000.67,2111.4,2112.15,23136.73,709.2296,1807.27,11503.72
29/07/2022,4130.29,1885.23,1937.26,993.78,2162.99,2236.84,25114.35,692.6372,1765.94,12947.97
31/08/2022,3955,1844.115,1840.5,994.11,2101.88,2185.29,23636.59,665.9277,1711.04,12272.03
30/09/2022,3585.62,1664.716,1661.48,875.79,2011.06,2098.5,20630.59,607.7575,1660.61,10971.22
31/10/2022,3871.98,1846.863,1750,848.16,1985.01,2153.03,21328.28,636.8439,1633.56,11405.57
30/11/2022,4080.11,1886.577,1944.03,972.29,2058.01,2199.76,22606.77,621.1091,1768.52,12030.06
30/12/2022,3839.5,1761.246,1943.93,956.38,2048.73,2186.03,21483.84,610.0719,1824.02,10939.76
31/01/2023,4076.6,1931.945,2100.44,1031.5,2111.76,2269.26,23647.16,606.0573,1928.36,12101.93
28/02/2023,3970.15,1896.991,2053.69,964.01,2057.16,2240.09,22245.88,581.8661,1826.92,12042.12
31/03/2023,4109.31,1802.484,2092.6,990.28,2109.41,2264.03,21858.66,574.0241,1969.28,13181.35
28/04/2023,4169.48,1768.987,2143.85,977.05,2122.2,2286.64,21923.69,564.9676,1990,13245.99
31/05/2023,4179.83,1749.65,2041.81,958.53,2099.09,2265.69,20996.68,528.2247,1962.73,14254.09
30/06/2023,4450.38,1888.734,2131.72,989.48,2091.6,2303.6,22121.65,540.4607,1919.35,15179.21
31/07/2023,4588.96,2003.177,2199.36,1046.91,2090.15,2335.38,22564.66,593.4022,1965.09,15757
31/08/2023,4507.66,1899.676,2109.16,980.33,2076.8,2341.85,21813.8,591.4241,1940.19,15501.07
29/09/2023,4288.05,1785.102,2031.26,952.78,2024.02,2314.15,20277.9,609.6686,1848.63,14715.24
31/10/2023,4193.8,1662.282,1947.91,915.2,1992.08,2287.2,19645.69,576.9723,1983.88,14409.78
30/11/2023,4567.8,1809.02,2124.91,987.1,2082.29,2390.82,21976.12,555.7702,2036.41,15947.87
29/12/2023,4769.83,2027.074,2236.16,1023.74,2162,2479.95,23923.6,535.6413,2062.98,16825.93
31/01/2024,4845.65,1947.342,2248.2,975.8,2156.06,2479.85,22760.79,555.0681,2039.52,17137.24
29/02/2024,5096.27,2054.843,2285.97,1020.94,2125.6,2487.09,23199.36,557.9317,2044.3,18043.85
29/03/2024,5254.35,2124.547,2349.42,1043.2,2145.23,2516.52,23611.45,582.4785,2229.87,18254.69
30/04/2024,5035.69,1973.906,2280.53,1045.95,2091.04,2492.86,21743.39,586.1663,2286.25,17440.69
31/05/2024,5277.51,2070.126,2355.67,1048.96,2126.49,2520.25,22893.08,573.2754,2327.33,18536.65
28/06/2024,5460.48,2047.691,2314.63,1086.25,2146.63,2544.05,23399.57,578.3853,2326.75,19682.87
31/07/2024,5522.3,2254.484,2381.44,1084.77,2196.77,2593.51,25078.87,551.4392,2447.6,19362.43
30/08/2024,5648.4,2217.633,2453.44,1099.92,2228.33,2635.81,26489.61,536.7498,2503.39,19574.64
30/09/2024,5762.48,2229.97,2468.66,1170.85,2258.17,2678.46,27328.47,532.8835,2634.58,20060.69
31/10/2024,5705.45,2196.652,2332.94,1119.52,2202.17,2663.98,26341.96,534.2031,2743.97,19890.42
29/11/2024,6032.38,2434.726,2315.77,1078.57,2225.45,2694.63,27283.38,535.7093,2643.15,20930.37
31/12/2024,5881.63,2230.158,2261.81,1075.48,2189.03,2683.14,25101.18,549.6434,2624.5,21012.17
31/01/2025,6040.53,2287.692,2379.76,1093.37,2200.64,2719.8,25358.56,561.9173,2798.41,21478.05
28/02/2025,5954.5,2163.069,2422.66,1097.25,2249.06,2738.06,26414.38,553.5848,2857.83,20884.41
31/03/2025,5611.85,2011.913,2400.82,1101.4,2249.91,2710.07,25791.83,568.0834,3123.57,19278.45
30/04/2025,5569.06,1964.119,2501.02,1112.84,2258.75,2709.52,25281.42,518.1492,3288.71,19571.02
30/05/2025,5911.69,2066.287,2600.33,1157.34,2242.58,2755.03,25572.71,524.6726,3289.25,21340.99
30/06/2025,6204.95,2175.035,2654.79,1222.78,2277.06,2805.7,25551.84,543.1381,3303.14,22679.01
31/07/2025,6339.39,2211.649,2616.21,1243.23,2271.05,2818.35,25275.24,553.9949,3289.93,23218.12
29/08/2025,6460.26,2366.418,2722.38,1258.44,2298.22,2853.57,26120.6,549.7115,3447.95,23415.42
25/09/2025,6604.72,2411.041,2725.71,1343.82,2318.61,2872.83,25815.45,558.1229,3749.44,24397.31
